"YEAR","ROE","ROC","NPM","DIV","DEP","Beta","P.E","P.B","EVEBITDA","PSALES"
1993,24.53,19.93,7.04,7.36,4.5,1.54,6.77,0.08,3.73,0.819473995271868
1993,4.38,3.06,3.49,27.78,7.1,1.27,7.78,1.9,15.24,17.7897206703911
1993,0.49,0.32,0.3,13.2257101865136,10,1.22,17.63,1.42,8.17,0.26723263277772
1993,0.41,0.22,0.22,13.2257101865136,12.5,1.14,49.61,0.65,9.22,0.136166081006103
1993,0.2,0.09,0.11,13.2257101865136,12.8,1.46,570.23,0.67,3.53,0.0424037935436805
1993,3.78,12.76,3.84,84.21,220.7,0.61,10.74,1.78,3.07,0.334162434794625
1993,6.66,4.55,0.05,13.2257101865136,12.3,0.61,8.6,2.93,2.37,0.747363272565585
1993,0.1,0.04,0.04,13.2257101865136,12.6,0.39,20.17,0.51,10.64,6.88109582542694
1993,16.56,3.86,9.44,12.27,4.3,0.35,2.73,3.14,14.89,0.0277011199452851
1979,14.6399713055954,7.14017216642755,3.87781922525108,13.2257101865136,3,1.09,10.16,1.05,11.06,160.9
1979,14.6399713055954,7.14017216642755,3.87781922525108,12.27,11.3,1.25,60.51,1.17,6.29,7349.8
1979,34.67,18.04,2.62,0.18,20.2,0.49,8.99,2.13,5.45,0.530854629241726
1979,20.28,10.47,3.37,34.59,20.9,0.91,2.89,0.62,5.87,0.0631945952467125
1979,16.49,7.79,3.62,36.88,21.7,0.63,7.84,0.07,7.31,0.0506256591511558
1979,7.22,2.91,1.57,13.2257101865136,36.8,1.47,62.73,0.56,28.55,0.0592918923288336
1979,4.42,1.71,0.82,13.2257101865136,37.2,1.32,60.51,0.8,5.41,0.0394899501956599
1979,4.93,2.07,0.89,13.2257101865136,37.4,1.2,27.55,1.04,46.78,0.102337640958104
1979,11.29,5.23,2.36,13.2257101865136,33.3,1.04,59.3,6.34,18.63,1.39958249099059
1979,3.34,1.78,0.75,13.2257101865136,34.5,1.19,128.57,4.24,18.77,0.959319422433527
2001,31.42,13.02,8.72,11.77,113.4,0.4,4.93,1.15,5.52,0.366381911880774
2001,26.91,8.14,6.83,13.61,232.5,1.19,15.88,4.04,11.79,1.08837191103073
2001,7.98,1.79,1.93,34.99,369.4,1.27,10.2,0.89,6.5,0.202233799711167
2001,11.5,3.08,3.86,28.64,582.3,1.25,27.63,2.41,9.32,1.0919374930896
2001,8.76,2.88,3.41,32.57,875.8,1.26,20.68,1.78,7.17,0.726876033902419
1989,7.47,10.16,3.81,13.2257101865136,10997.4,1.35,4.93,1.01,5.67,0.286839038519833
1989,14.52,100.11,3.86,13.2257101865136,2.4,0.76,10.74,0.2,6.08,5.21435388432907
1989,21.15,2.01,0.74,10.99,15.6,0.9,20.17,0.09,11.67,2.05554578570531
1992,7.04,4.4,2.42,13.2257101865136,1.9,1.03,20.13,1.65,10.4375753228121,0.0489834554284303
1992,22.09,0.3,1.8,13.2257101865136,43.3,1.61,9.74,0.56,23.69,0.135653812617782
1992,12.09,3.17,1.66,12.27,2.6,0.91,18.65,1.84,11.67,0.221426318445622
1992,13.33,2.57,0.23,13.2257101865136,633.3,1.58,9.03,1.72,3.73,0.532386539936159
1992,8.47,3.29,4.84,13.2257101865136,3561.4,1.17,60.51,0.72,4.15,0.211462342208622
1968,3.44,1,0.56,13.2257101865136,32.8,1.19,20.13,0.58,5.87,0.11336824424464
1968,0.85,0.29,0.16,13.2257101865136,33.6,1.19,43.02,0.29,4.17,0.0692613636363636
1968,8.13,3.63,1.87,13.2257101865136,31.3,1.37,6.88,0.53,3.51,0.129087402472166
1968,8.7,4.44,2.03,13.2257101865136,31.7,1.33,3.94,0.36,3.55,0.080374510088547
1968,7.11,3.41,1.97,13.2257101865136,32.1,1.33,5.44,0.35,3.97,0.108925018865336
1968,0.71,0.3,0.21,13.2257101865136,36.1,1.32,3.99,0.23,6.31,0.0692499688006989
1976,9.81,1.12,1.16,24.8,40.6,1.22,20.26,0.59,10.81,0.0215607516855544
1976,13.82,4.58,0.64,13.2257101865136,17.4,0.73,15.88,1.83,6.4,1.75535447597294
1976,6.17,5.54,3.97,13.2257101865136,12358.8,1.28,10.74,9.47,10.4375753228121,0.789895563255713
1976,13.16,8.43,0.56,109.16,2.2,1.19,10.74,0.45,4.86,0.0287485552169801
1992,25.33,7.05,0.96,13.2257101865136,8.1,1.32,3.18,0.75,6.78,0.0329000764570958
1992,21.93,6.68,0.95,13.2257101865136,9.9,1.22,2.71,0.51,3.13,0.0257306064160759
1992,19.4,5.59,0.88,13.2257101865136,11.6,0.91,1.49,0.26,4.19,0.0131419552977308
1992,16.59,4.93,1.01,13.2257101865136,12.4,0.84,2.6,0.39,3.83,0.0261893389377149
1992,17.66,5.78,0.92,13.2257101865136,13.4,0.83,2.38,0.38,4.36,0.0219396868761164
1992,14.24,4.49,0.81,13.2257101865136,14.5,0.83,1.81,0.31,4.29,0.018719015138912
1992,0.98,0.3,0.06,13.2257101865136,13.9,0.7,4.07,0.27,4.25,0.0176938369781312
1992,10.78,3.38,0.71,13.2257101865136,15.7,0.55,7.1,0.18,5.49,0.0122077206515376
1992,4.95,1.44,0.36,13.2257101865136,15.3,0.47,1.96,0.22,4.15,0.0161718192021222
1992,2.28,0.63,0.23,13.2257101865136,13.9,0.23,6.83,0.16,5.7,0.0173842592592593
1972,16.13,6.57,0.6,13.2257101865136,25.4,1.73,33.84,0.43,2.83,3.27399617590822
1972,15.2,4.24,13.12,13.2257101865136,26.4,1.26,331.62,1.14,4.22,0.0554365704286964
1972,16.47,7.14017216642755,1.15,13.2257101865136,2.6,1.82,34.82,1.42,5.22,0.00958027640334414
1972,4.18,14.45,1.73,13.2257101865136,4982.3,1.22,2.89,0.62,4.73,0.0721627711665063
1989,9.36,7.5,4.2,13.2257101865136,1.3,1.32,6.34,0.65,4.45,258.218351477449
1989,3.04,2.68,1.16,13.2257101865136,1.8,1.06,34.82,0.6,16.58,1.90245478036176
1989,12.16,11.94,3.61,13.2257101865136,1.9,0.88,4.6,0.59,9.83,0.592778335005015
1989,7.66,7.61,2.39,13.2257101865136,1.9,0.77,1.81,0.57,7.31,3.7631931166348
1989,5.73,5.22,1.68,13.2257101865136,2,1.13,27.79,1.06,14.82,0.395699831365936
1989,18.15,12.59,3.87781922525108,13.2257101865136,3.3,0.68,4.93,0.79,12.59,0.561179342011412
2008,17.49,2.57,1.66,13.2257101865136,22.9,1.64,5.47,0.63,5.67,0.0176938369781312
2008,7.58,0.15,40,13.2257101865136,18.8,1.04,34.23,9.36,10.4375753228121,352.28
2008,33.33,33.33,25,13.2257101865136,1.9,0.75,10.74,0.6,5.05,18388.85
2008,28.57,14.29,14.29,13.2257101865136,10,1.07,4.6,0.57,3.97,261.1
2008,78.05,26.39,3.32,13.2257101865136,0.6,1.02,276.8,2.03,5.05,3.7207488299532
2008,33.33,17.46,2.94,13.2257101865136,0.6,0.93,10.74,0.18,4.95,0.147039777983349
2008,14.55,9.21,1.77,13.2257101865136,1.7,1.09,14.88,1.5,8.21,0.265959031657356
2008,13.54,8.49,2.56,13.2257101865136,1.8,1.18,17.03,1.37,7.91,0.274084507042254
1981,17.48,6.62,2.54,3.41,38.5,1.14,2.37,1.83,3.24,0.00267782426778243
1981,9.47,3,1.65,2.69,97.4,1.22,7.45,0.39,6.84,0.023354355538037
1981,9.65,3.07,1.76,2.59,86.3,0.87,389.88,2.09,4.22,0.0855819137080083
1981,16.6,5.94,3.24,2.53,71.6,1.19,9.19,0.92,6.06,0.025671937947207
1981,22.23,8.52,3.84,4.5,75.1,0.33,10.74,0.78,7.09,0.122439683542924
1981,16.56,7.37,2.97,13.2257101865136,92.5,1.59,7.47,0.5,9.43,0.00612703859801096
1981,13.82,6.84,3.09,13.2257101865136,92.8,1.09,2.6,1.9,10.4375753228121,0.0489409178165351
1981,11.75,5.84,3.12,13.2257101865136,125.6,0.55,9.06,1.42,11.48,0.0312345254470426
1981,9.1,4.52,2.8,12.24,164.6,0.68,8.6,0.75,4.88,0.241289299105855
1981,10.36,5.42,3.44,9.89,159.2,0.68,8,0.74,5.02,0.255134845508126
1985,19.61,2.55,5.89,21.56,7739.5,1.5,2.89,0.64,4.3,0.0591185769829186
1985,7.14,100.11,3.86,12.07,2.1,0.76,6.71,24.47,6.08,0.762049722451872
1985,33.33,19.57,0.29,13.2257101865136,2.5,0.52,389.88,0.08,2.57,0.0838139074077896
1985,28.34,3.77,1.39,6.26,122.3,0.87,6.07,0.71,11.67,0.291782002261834
1985,13.42,4.31,0.49,109.16,1.2,0.73,3.37,0.12,6.33,0.0162665066026411
1985,26.2,5.22,3.81,30.6,582.3,1.71,15.27,0.2,10.4375753228121,0.295956923973256
1960,31.6,8.1,3.25,13.2257101865136,61.8,1.31,10.74,0.39,6.53,0.0110843912532856
1960,28.21,8.64,3.99,13.2257101865136,87.4,1.21,3.08,1.15,7,0.178213923522043
1960,16.88,5.27,2.1,13.2257101865136,128.9,1.09,6.83,0.36,3.66,0.00640174745862388
1960,20.84,6.57,3.22,13.2257101865136,146.8,0.58,49.61,1.42,6.84,0.0186333445434673
1960,59.43,30.12,8.3,13.2257101865136,142.5,0.73,128.57,0.5,4.7,0.37534780850912
1960,31.32,21.76,5.7,13.2257101865136,170.2,1.43,4.6,1.44,26.07,2.72909569744914
1960,21.61,14.27,5.02,13.2257101865136,198.6,1.13,3.48,0.63,8.24,0.360537026214727
1960,22.32,14.45,6.29,13.2257101865136,271,1.19,4.6,0.28,6.6,0.0219879017678273
1960,4.71,3.03,1.66,13.2257101865136,319.2,1.58,21.02,2.13,9.07,1.58102927521692
1960,1.19,0.74,0.43,13.2257101865136,278.9,1.43,34.23,0.56,8.21,0.134017589017589
1983,25.75,7.35,6.4,3.39,2105.5,0.81,8.1,1.95,10.04,0.51916493140253
1983,28.34,6.82,8.52,2.51,2151.8,0.97,7,1.73,9.32,0.602434973912522
1983,22.99,4.71,7.75,2.52,2399.3,0.97,4.02,0.83,8.61,0.31271473597619
1983,27.88,6.49,13.74,1.26,2179.8,1.12,8.49,1.8,11.54,1.18835079384382
1983,20.42,5.29,13.12,1.06,2963.5,1.17,9.27,1.6,12.22,1.22726413587653
1983,15.24,3.86,9.26,1.05,6434.7,1.17,9.28,1.35,12.01,0.817743480742432
1983,11.15,2.71,7.67,1.25,8383.4,1.24,11.08,1.23,10.02,0.879182157393982
1983,0.7,0.15,0.59,18.29,9771.1,1.33,163.09,1.13,16.44,0.968622606605519
1989,39.61,31.52,31.64,13.2257101865136,1.6,0.09,62.73,1.42,3,117.026066350711
1989,31.06,30.22,60.96,13.2257101865136,1.6,1.58,6.71,9.36,1.47,204.493902439024
1989,7.58,6.9,12.68,13.2257101865136,1.6,1.44,4.73,0.93,6.29,16.3232954545455
1989,8.88,7.93,35.11,13.2257101865136,1.8,1.59,75.42,9.47,7,164.882608695652
1989,3.3,3.17,20.31,13.2257101865136,1.9,1.59,331.62,0.5,4.7,54.2675
1989,4.41,4.29,20.45,13.2257101865136,1.9,1.48,16.03,1.19,12.59,8.01724137931035
1989,1.66,1.62,12.5,13.2257101865136,1.9,1.06,216.48,0.55,4.06,8.66
1989,1.17,1.15,9.09,13.2257101865136,1.9,1.25,23.53,0.48,6.46,7.23846153846154
1989,1.91,1.75,14.29,13.2257101865136,1.1,1.29,17.97,0.51,29.21,6.81724137931035
1982,21.93,6.6,0.96,15.15,155.4,1.27,5.93,1.67,6.46,0.00902805691775866
1959,16.13,10.23,1.45,13.2257101865136,1.9,0.18,20.69,1.01,9.31,0.146602751146311
1959,685.71,5.71,0.99,13.2257101865136,1.9,1.31,6.71,0.88,15.42,0.498808055898068
1959,116.22,8.77,1.18,13.2257101865136,3.3,0.18,14.04,9.47,7.19,0.111354309165527
1959,86.34,12.2,1.76,13.2257101865136,2.3,0.72,3.37,0.69,7.95,0.0955093833780161
1959,25.33,4.41,0.84,13.2257101865136,2.2,0.18,5.62,3.14,4.89,0.094157848324515
1984,0.24,20.74,1.51,40.15,6.8,1.02,6.77,0.39,8.23,3.33494083654375
1984,33.33,2.21,0.49,13.2257101865136,15.7,1.41,3.18,0.38,19.36,0.0238376488376488
1984,32.32,3.35,3.87781922525108,13.2257101865136,676.4,1.29,27.63,0.22,5.3,0.00241826245401726
1985,10.12,0.15,3.87781922525108,1.05,8327.1,1.6,12.16,0.64,11.48,0.0488772599877462
1985,4.78,0.33,0.82,13.2257101865136,1.1,1.09,15.88,2.65,7.18,0.198064250411862
1981,17.66,7.14017216642755,1.48,13.2257101865136,123.3,1.1,25.01,1.83,7.64,0.004648467286869
1981,5.34,3.04,31.64,13.2257101865136,16.6,1.71,92.85,0.88,15.58,0.0332915481413625
1981,21.31,18.33,0.96,13.2257101865136,7.9,1.22,10.74,0.23,4.11,1.19814206190583
1992,4.97,1.87,0.64,13.2257101865136,9.8,1.22,328,2.75,6.2,0.0942161535488858
1992,6.54,2.47,1.02,13.2257101865136,9,0.67,3.48,0.77,8.13,1.44640034487714
1992,5.98,2.37,0.94,13.2257101865136,8.2,1.48,13.36,0.69,3.24,0.127117018361195
1992,0.73,0.3,0.11,13.2257101865136,8.1,1.51,5.62,0.92,6.76,0.483243311141816
1992,6.17,2.09,0.81,13.2257101865136,6.9,1.59,34.23,0.25,6.69,0.0350750366032211
1992,5.19,1.58,0.63,13.2257101865136,10.9,1.98,27.79,0.26,6.32,0.0118358256442889
2006,14.6399713055954,7.14017216642755,3.87781922525108,6.69,172.1,1.74,59.3,0.8,14.89,0.0854717624978673
2006,14.6399713055954,7.14017216642755,3.87781922525108,13.2257101865136,716,1.45,138.42,0.25,3.64,0.0178683506471595
2006,14.6399713055954,7.14017216642755,3.87781922525108,13.2257101865136,2.3,0.79,33.34,0.87,11.28,0.43292690110149
1993,3.3,4.38,1.62,18.03,12.6,1.39,10.87,0.56,3.51,0.821262036376605
1993,20.28,10.65,0.18,13.2257101865136,148,1.22,10.28,0.64,23.79,0.0519373194007139
1993,12.71,6.32,3.44,13.2257101865136,14.4,0.98,13.53,0.7,8.88,2.35873697118332
1985,0.47,0.47,3.03,13.2257101865136,14.6,1.34,12.96,0.1,4.01,0.667206863679695
1976,14.17,3.81,4.69,13.2257101865136,6310.4,1.35,24.07,1.01,7.09,0.467720247475437
1976,10.12,4,3.7,13.2257101865136,7665.2,1.56,9.43,1.28,6.07,0.495404006883711
1976,6.43,2.59,2.33,13.2257101865136,8261.9,1.28,14.04,0.46,5.21,0.694225388562318
2004,30.22,10.96,1.34,13.2257101865136,31.8,0.93,570.23,4.94,10.77,0.240824945449426
2004,9.63,3.22,0.47,13.2257101865136,32.9,1.46,48.77,4.38,9.85,0.227796080066722
1962,34.67,1.61,13.74,13.2257101865136,2523.8,1.59,33.34,0.43,23.78,1.24606595150492
1962,1.42,8.84,0.45,13.2257101865136,122.5,0.9,20.68,4.04,5.87,0.325728619730241
1986,2.55,10.16,3.22,13.2257101865136,80.5,1.08,9.22,1.36,1.86,0.688644688644689
1986,3.78,0.15,0.5,13.2257101865136,33.9,1.41,128.57,0.68,5.23,0.307985099574956
1986,7.56,5.23,3.05,13.2257101865136,142.5,1.17,6.31,0.89,7.95,0.0913467828002892
2005,14.6399713055954,7.14017216642755,3.87781922525108,13.2257101865136,6310.4,1.48,14.69,0.85,5.48,0.312966611226241
2005,14.6399713055954,7.14017216642755,3.87781922525108,109.16,1.6,0.68,2.37,0.42,10.4375753228121,0.162811913592647
2005,7.55,3.66,2.94,9.75,169.4,0.11,59.6,4.32,20.96,1.75304848115931
2005,33.33,3.26,4.96,9.86,139.1,0.31,49.61,4.04,28.55,2.4635339846258
2005,5.34,1.88,1.8,13.2257101865136,56.5,1.59,11.7,0.9,46.78,0.329572664902919
2005,33.15,11.99,7.78,13.2257101865136,116.3,1.19,5.93,1.66,5.05,0.46306936211177
2005,11.46,5.08,3.1,13.2257101865136,124.8,1.06,5.88,0.6,4.09,0.183302546510094
2005,18.15,8.92,6.06,13.2257101865136,148,1.06,7.92,1.33,5.85,0.481362858983186
2005,13.13,7.27,3.79,13.2257101865136,156.8,1.07,6.46,0.79,4.13,0.249653369317703
2005,7.46,4.62,2.23,13.2257101865136,155.4,1.07,8.67,0.77,4.12,0.228844838308458
2005,13.95,9.91,4.05,13.2257101865136,159.2,0.98,4.57,0.62,4.86,0.186675372933384
2005,6.32,4.55,2.01,13.2257101865136,171.3,0.85,10.08,0.62,5.37,0.203319369638939
2005,13.64,9.65,4.46,13.2257101865136,168.6,0.73,5.27,0.68,4.05,0.235500717786248
2005,13.61,10.86,5.52,13.2257101865136,175.5,0.58,5.34,0.68,3.4,0.295629577768203
1988,1.72,1.41,0.66,13.2257101865136,1.8,1.51,216.84,0.84,4.34,1.05692307692308
1988,0.93,0.77,0.18,13.2257101865136,1.2,1.44,9.74,0.89,25.9,0.395106382978723
1988,0.7,15.87,8.3,13.2257101865136,109.5,0.55,15.9,0.61,26.63,0.41405529953917
1988,14.6399713055954,7.14017216642755,3.87781922525108,42.41,3.8,1.38,34.82,0.62,5.36,0.396586021505376
1988,13.42,1.19,0.23,13.2257101865136,3.7,0.56,12,0.68,9.9,0.253651143565721
1988,13.72,2.66,0.89,13.2257101865136,5.2,0.87,11.72,0.72,173.58,0.0577179418821647
1992,11.45,7.29,2.49,20.19,7.6,0.64,14.47,1.36,6.93,0.287984693877551
1992,7.13,2.92,2.01,13.2257101865136,5.4,1,14.8,0.79,15.31,0.298182216381954
1992,5.65,1.45,1.69,13.2257101865136,8.1,1.09,14.9,0.62,19.82,0.259461836088639
1992,9.02,1.98,1.02,13.2257101865136,35.1,0.94,34.82,2.41,9.94,0.354875588433087
1992,1.63,0.41,0.22,13.2257101865136,34.2,0.95,276.8,4.08,15.58,0.634295465626524
1973,2.31,1.68,0.25,13.2257101865136,5.8,0.95,12,0.74,5.85,0.0816959261760072
1973,4.15,2.73,0.46,13.2257101865136,6,1.14,11.31,0.46,6.53,0.0519487064620898
1973,4.08,2.53,0.54,13.2257101865136,6.2,1.14,4.82,0.21,5.01,0.0267006591219997
1973,5.28,3.43,0.83,13.2257101865136,7.2,0.85,6.31,0.31,4.76,0.0523984289485545
1973,4.4,2.69,0.63,13.2257101865136,8.1,0.73,5.64,0.24,5.56,0.0359398415756797
1973,4.07,2.05,0.56,13.2257101865136,10.6,0.73,1.73,0.25,5.66,0.0343873137914464
1973,3.02,1.31,0.42,13.2257101865136,12.9,0.64,7.34,0.14,4.86,0.0193772443772444
1973,2.41,1,0.45,13.2257101865136,13.2,0.59,13.53,0.25,4.97,0.0459625068252139
1966,27.58,11.83,7.03,11.37,52.2,1.44,9.06,1.56,3.84,0.420063427477262
1966,25.94,12.59,7.27,13.83,56,1.51,6.34,1.47,3.73,0.464357611108243
1966,1.93,0.92,0.71,13.2257101865136,63.7,1.24,16.59,0.31,3.24,0.120847241609516
1966,4.7,2.01,2.11,13.2257101865136,71,1.32,14.72,0.67,5.67,0.311393873234632
1966,0.23,0.08,0.09,13.2257101865136,73.1,1.29,161.33,0.37,7.66,0.152040996642516
1994,19.45,10.2,2.52,13.2257101865136,4.6,1.48,5.37,0.7,9.43,0.334498455535685
1994,12.53,6.73,1.25,13.2257101865136,4.7,1.18,3.33,0.39,2.83,0.041653988263421
1994,0.61,0.33,0.12,13.2257101865136,5.8,1.43,42.22,0.26,5.11,0.0500691836331291
1994,6.32,3.46,0.92,13.2257101865136,6,0.46,4.08,0.25,4.37,0.0377459490740741
1994,4.78,2.3,1.15,13.2257101865136,5.9,0.46,9.03,0.46,5.24,0.11098976109215
1994,9.78,3.86,3.05,13.2257101865136,8.2,0.54,7.94,0.35,7.1,0.100655021834061
1973,6.43,9.77,0.22,13.2257101865136,175.5,1.32,25.01,1.33,3.79,0.601097464909768
1973,10.05,1.68,3.99,13.2257101865136,5,0.77,16.59,2.74,5.78,1.93532274223558
1973,1.66,6.49,1.62,22.48,2.2,0.64,6.06,0.8,8.72,0.143204792212654
1973,34.67,4.93,0.12,13.2257101865136,231.3,1.57,2.22,24.47,13.95,0.296269169595696
1984,3.27,13.15,2.49,13.2257101865136,1.9,0.54,3.04,0.41,16.58,1.46677357280308
1984,15.5,18.33,5.44,14.19,235.6,1.13,9.25,0.25,10.04,0.402366942367937
1984,40.56,14.08,1.17,13.2257101865136,8276.6,1.57,14.78,9.36,10.4375753228121,1.06463590387868
1999,41.36,16,3.18,13.2257101865136,14.1,0.45,6.77,0.44,7.43,0.548306048203729
1999,58.32,25.94,5.07,13.2257101865136,27.5,1.02,6.71,1.67,6.16,5.11630910227036
1999,8.96,4.38,1.24,13.2257101865136,20.8,1.08,15.35,0.42,3.24,0.105711695376247
1999,17.49,8.97,2.8,13.2257101865136,26,0.64,389.88,0.27,5.05,0.0635559865381325
1999,7.04,4.4,1.96,13.2257101865136,30.2,1.23,5.36,0.26,4.28,0.108162880573098
1999,2.82,1.72,1.03,13.2257101865136,36.2,1.13,6.09,0.22,4.09,0.0820086764344765
1999,1.73,0.95,0.48,13.2257101865136,36.8,0.87,33.84,0.35,5.67,0.0976248197133826
1999,0.62,0.34,0.18,13.2257101865136,41.3,1.32,138.42,0.85,9.19,0.254614689557248
1999,0.22,0.12,0.1,13.2257101865136,55.8,1.3,216.84,0.47,6.97,0.219329388560158
1982,6.17,2.44,1.45,13.2257101865136,2,1.19,17.03,0.65,7.43,0.0187881827300082
1982,7.98,0.45,3.87,32.57,0.6,1.33,12,0.73,25.9,0.00624226834488582
1982,9.24,5.23,92.26,13.2257101865136,8276.6,1.35,4.6,9.36,31.46,0.152683899850172
1982,35.51,3.03,2.94,13.2257101865136,118.5,1.19,10.09,0.77,9.12,6.52740327084164
1990,21.31,4.21,0.96,19.35,15.3,1.12,6.26,1.14,7.72,0.0546350983513944
1990,2.66,0.58,0.21,155.56,15.6,0.77,5.34,0.68,4.85,0.0552018633540373
1990,21.15,4.65,1.45,18.03,19.9,0.52,5.28,0.89,6.14,0.0663140207853631
1990,4.57,0.97,0.34,67.92,23.9,0.52,15.35,0.7,5.78,0.052841762643966
1990,1.51,0.27,0.08,200,25.4,0.52,10.74,0.53,5.56,0.0300978455602003
1990,0.26,0.04,0.01,3600,25.6,0.44,4.6,0.78,6.16,0.0396146367332508
1990,9.71,1.73,0.49,29.27,26.4,0.45,4.42,0.6,6.04,0.031921631550057
1990,10.47,1.78,0.53,27.07,15.1,0.66,6.47,0.65,6.69,0.0343048522786173
1990,3.27,0.56,0.22,92.31,17,0.66,14.78,0.68,6.73,0.0457093618531096
1989,25.52,8.53,7.93,5.55,536.3,1.33,8.96,2.17,6.92,0.751751547025067
1989,17.26,6.35,6.28,14.54,530.6,1.39,9.5,1.52,6.28,0.617010004994929
1989,10.36,3.73,3.84,26.07,541.3,1.17,5.34,0.56,4.76,0.207721628196425
1989,13.46,4.62,5.67,19.64,555.7,1.14,10.51,1.35,8.1,0.611988391013205
1989,8.84,3.01,2.96,29.33,799.7,1.15,13.95,1.19,6.8,0.416526487146442
1989,2.1,0.66,0.6,50.25,864.7,1.15,18.65,0.61,5.56,0.189619417194919
1987,66.21,3.12,3.12,13.2257101865136,132.1,1.39,33.34,5.73,15.07,1.04278077015837
1934,6.47,12.76,3.25,13.2257101865136,2179.8,1.26,10.28,0.46,11.3,0.983533425397338
1934,13.95,2.59,1.77,13.2257101865136,222.7,1.19,7.92,0.16,5.79,0.119047619047619
1934,4.71,5.53,0.25,13.2257101865136,347.7,1.19,2.38,0.41,4.01,0.0227021490001921
1934,28.34,8.43,13.74,13.2257101865136,384.2,1.38,2.2,167.2,32.11,1.34813465162598
1993,4.18,3.69,6,13.2257101865136,1.1,0.41,1.91,0.77,10.4375753228121,1.598
1993,5.88,5.25,10.53,13.2257101865136,0.8,1.17,10.87,0.78,25.9,2.74444444444444
1993,6.66,6,9.78,13.2257101865136,0.8,1.31,13.95,2.65,16.58,3.17410714285714
1993,6.17,5.63,7.89,13.2257101865136,1.1,1.08,4.08,0.06,6.84,269.408243727599
1993,1.86,12.59,2.49,18.03,3.6,0.75,4.93,0.59,5.3,0.721258156477669
1993,1.91,6.49,1.12,13.2257101865136,611.8,1.58,12.97,0.42,4.92,0.780814617298091
1991,22.09,14.12,3.99,13.2257101865136,2,0.73,8.99,0.25,7.65,0.899202127659575
1991,1.71,1.08,0.29,13.2257101865136,2.2,1.37,92.85,0.69,6.07,0.728152128978917
1991,8.58,5.52,1.17,13.2257101865136,2.2,1.13,5.36,1.15,15.24,0.747395171537484
1991,14.08,9.36,1.86,13.2257101865136,2.2,1.07,2.38,0.92,29.21,3.53267597918378
1991,6.35,4.55,0.52,13.2257101865136,2.2,1.14,5.64,0.69,7.43,0.0498733010826998
1991,3.78,2.15,0.28,13.2257101865136,2.3,1.21,27.63,0.68,3.41,0.287863414634146
1991,19.85,0.3,0.3,13.2257101865136,7.3,0.68,111.99,1.15,4.17,214.394831460674
1991,13.16,5.1,20.14,1.25,2919.1,1.13,48.77,0.03,13.95,1.9590855816957
1994,4.78,13.15,1.6,13.2257101865136,3.8,1.22,2.89,0.41,8.1,0.271676665614146
1994,39.61,114.49,4.84,13.2257101865136,3.6,0.87,4.6,0.44,6.46,38.6434203789043
1994,16.32,2.92,1.66,12.27,2.7,1.33,5.38,0.69,10.81,2.97857142857143
1994,2.6,11.99,0.98,13.2257101865136,2399.3,1.41,4.6,4.38,9.57,0.355238990492736
1994,27.19,13.64,12.89,15.87,4982.3,1.15,6.37,1.65,5.52,0.870313941957093
1994,26.95,13.6,13.1,15.15,6871.8,1.16,9.09,2.09,6.21,1.22394941603157
1994,3.51,1.53,1.73,4.08,8276.6,1.4,16.4,0.57,4.92,0.286617349747632
1994,22.55,9.51,9.67,8.79,11225.8,1.41,11.99,2.47,7.08,1.19183514698323
1994,13.92,7.27,7.23,13.59,13787.1,1.41,11.14,1.25,5.57,0.814767881033425
1994,9.24,5.11,4.66,10.29,17081.7,1.41,11.58,0.93,4.71,0.463883304088765
1994,9.52,4.99,4.61,12.39,19738.9,1.59,7.21,0.77,4.4,0.385180713153904
1994,6.17,2.98,2.69,21.56,27258.8,1.67,18.79,1.07,5.56,0.507785934720521
1994,8.15,3.74,3.86,12.27,27845,1.65,11.18,0.88,4.93,0.435373286652534
1990,34.67,0.89,0.98,13.2257101865136,424.8,1.35,48.77,10.96,30.39,0.171466438900833
1990,0.43,4.38,1.86,13.2257101865136,40,1.09,331.62,0.39,10.77,0.645850196492463
1990,9.71,0.08,2.01,13.2257101865136,38.5,0.55,29.29,0.77,5.78,152.206097560976
1990,4.4,5.73,0.46,10.52,53.7,1.04,3.94,0.63,3.66,0.191927959846472
1986,26.2,2.92,2.25,0.18,71.6,1.35,10.16,24.47,10.4375753228121,1.00555192453763
1986,16.28,14.08,0.18,13.2257101865136,5.2,0.41,6.71,0.54,6.76,0.0353226893490437
1986,35.51,1.53,0.82,0.18,71.6,1.43,25.07,0.71,23.69,0.0133324978516184
1986,16.56,15.87,3.87781922525108,12.39,12,0.33,4.6,1.67,7.43,0.223933253312622
1972,22.11,6.33,0.08,42.41,462.8,1.03,4.64,5.06,5.76,0.390961535475255
1972,4.94,0.15,4.17,13.2257101865136,37.4,1.03,570.23,0.89,10.4375753228121,0.0584898795735959
1972,26.38,7.61,1.14,13.2257101865136,64.1,0.61,7.84,0.69,15.93,0.0328987031195233
1972,3.04,8.84,0.45,13.2257101865136,32.9,1.31,9.25,0.55,24,0.103133078414477
1972,78.05,2.58,6.13,13.2257101865136,5.9,1.22,2.2,1.07,7.64,0.0931659118979004
2013,18.97,2.04,1.65,13.2257101865136,12.5,2.05,92.85,4.07,3.71,0.198160666561861
2013,14.66,6.35,13.12,15.67,1.8,1.37,216.84,0.45,2.07,0.0146243826358201
2013,11.19,3.72,4.13,13.2257101865136,30.2,1.04,8.64,2.65,23.23,0.145434751052402
2013,13.82,17.22,3.87781922525108,13.2257101865136,2.2,0.52,8.99,0.36,8.21,0.0371876885938443
2013,6.35,2.57,0.23,13.2257101865136,2919.1,0.97,6.86,0.87,6.09,1.08352988984978
2013,2.72,0.85,0.23,13.2257101865136,2953.4,1.17,36.84,1,2.92,0.0864972510793784
1980,30.63,10.2,6.9,7.87,2161,1.41,5.82,1.33,7.7,0.32090151486389
1980,16.47,5.24,4.54,13.53,2523.8,1.04,8.18,1.22,6.58,0.382327503127705
1980,23.76,4.58,5.86,13.2257101865136,3401.5,1.23,5.38,1.05,6.42,0.329655205187408
1980,15.03,3.04,4.15,13.2257101865136,3561.4,1.17,5.01,0.69,8.24,0.211462342208622
1973,22.71,18.54,7.84,19.43,178.5,1.14,19.34,3.41,9.26,1.37045720461224
1973,16.28,12.36,6.5,22.03,194.2,1.43,12.37,1.9,8.26,0.827692477819648
1973,0.12,0.08,0.05,13.2257101865136,320,1.48,331.62,0.4,4.44,0.172069629257678
1973,13.87,8.8,4.55,12.6,311.4,1.47,17.63,3.25,10.66,0.818006479700314
1973,15.71,8.84,3.22,15.96,294.8,1.51,7.55,1.1,4.72,0.245206066259025
1973,6.37,3.67,1.7,19.83,260.6,1.51,31.99,0.69,3.73,0.189029686230959
1973,6.69,4.25,2.25,27.44,235.6,1.47,5.36,0.45,4.55,0.154057031440409
1973,15.25,10.16,4.04,22.36,339.6,1.82,4.73,0.68,3,0.192295533961315
1973,18.97,12.76,5.39,13.2257101865136,310.2,1.98,7.1,1.24,4.48,0.383170760294845
1973,21.3,14.08,7.71,13.2257101865136,517.1,1.77,6.48,1.25,4.26,0.500564156657253
1986,25.59,5.42,8.14,12.27,8261.9,1.28,12.57,1.96,4.85,0.152575500478365
1986,8.4,8.1,12.89,13.2257101865136,193.3,2.05,20.69,0.23,16.58,0.248994972122115
1986,34.43,3.79,6,13.2257101865136,81.8,1.14,2.71,4.94,10.4375753228121,0.514156217950839
1986,16.56,11.35,0.25,12.27,13.9,1.38,2.89,0.2,16.44,0.246288209606987
1986,2.66,8.56,5.69,24.94,3.2,1.23,9.79,0.68,7.66,1.98045135354808
1995,7.56,7.18,1.09,13.2257101865136,2.1,0.33,3.37,3.14,2.6,0.467090957305754
1989,19.97,12.49,2.75,24.8,34.2,0.52,19.04,2.38,13.99,0.384003440717001
1989,17.3,11.59,2.42,14.81,33.2,0.72,7.03,1.14,4.04,0.170076379945824
1989,7.56,5.53,1.27,13.2257101865136,48.4,0.63,7.78,0.57,2.98,0.0991793468969055
1989,2.39,1.72,0.38,13.2257101865136,54.4,0.77,33.26,0.79,8.19,0.125012639307146
1989,4.49,2.63,0.74,13.2257101865136,57.3,0.61,10.74,0.47,7.24,0.0796383841552215
1989,2.25,1.12,0.27,13.2257101865136,66.9,0.61,11.65,0.63,8.29,0.076894431052599
1989,2.38,1.27,0.27,13.2257101865136,23.7,0.53,8.91,0.31,5.57,0.0512519140835161
1989,0.67,0.5,0.07,13.2257101865136,35.9,0.33,36.84,0.85,3.62,0.0901532323873425
2010,1.66,7.27,1.76,13.2257101865136,657.2,1.43,29.29,5.65,4.84,0.208142416549016
2010,7.81,7.9,0.23,109.16,152.8,1.02,6.77,0.24,22.24,0.1038466172661
2010,14.66,8.43,0.22,13.2257101865136,2.5,0.46,6.06,0.46,23.23,0.0470280373831776
2010,5.54,6.33,1.57,13.2257101865136,42.3,1.59,15.88,4.04,12.72,0.0961403224061452
2010,20.01,8.24,2.01,13.2257101865136,48,1.13,16.43,2.13,7.26,0.331380887943811
1968,27.85,11.35,7.96,13.2257101865136,141.6,1.31,9.19,1.18,16.58,0.361593082995698
1968,32.32,12.85,8.41,13.2257101865136,73.4,1.02,7.22,1.9,5.27,0.610746970071729
1968,25.77,9.91,8.45,13.2257101865136,74.1,1.14,2.58,0.59,4.47,0.225705757706943
1968,17.34,5.7,7.6,13.2257101865136,125.7,1.3,6.99,1.12,8.31,0.536217106834137
1968,19.61,5.89,9.09,11.59,193.3,1.31,7.46,1.2,9.57,0.723245791245791
1968,7.57,2.26,3.46,5.57,290.9,1.31,6.12,0.56,7.91,0.246364656231636
1968,3.48,1.24,1.8,0.98,462.8,1.44,8.33,0.34,8.62,0.180912000787906
1968,3.02,1.19,1.52,13.2257101865136,548,1.64,6.43,0.19,5.86,0.100719875282754
1988,15.28,8.12,1.77,16.6,18.4,0.73,2.89,0.56,6.09,0.0315590551181102
1988,24.26,10.66,2.56,11.06,19.8,1.38,7.22,0.84,3.96,0.108991598894168
1988,15.5,5.68,1.83,9.26,32.8,1.31,75.42,0.77,6.58,0.147489508763268
1988,16.13,6.83,2.65,6.26,86.5,1.27,4.91,0.1,6.15,0.143898268346138
1988,13.8,6.63,1.77,13.2257101865136,73.2,0.33,5.01,0.72,4.82,0.0888148568188262
1988,8.78,4.24,1.19,13.2257101865136,54.2,0.33,3.48,0.36,3.93,0.0499843788539012
1988,0.6,0.29,0.14,13.2257101865136,52.7,0.33,5.99,0.29,4.49,0.0683641773903057
1988,1.49,0.73,0.4,13.2257101865136,52.8,0.68,60.51,0.89,10.37,0.244837998610985
1988,2.05,1.01,0.56,13.2257101865136,67,0.4,27.18,0.55,8.36,0.153802850640795
1962,28.34,14.18,5.14,32.56,167.3,1.57,5.37,1.72,3.18,0.353669618164494
1962,15.79,6.42,2.58,33.03,267.1,1.34,7.02,1.05,4.8,0.181374165399014
1962,2.55,0.86,0.37,69.59,308.7,1.07,49.62,1.26,6.59,0.184270868824532
1962,11.19,3.69,3.12,13.2257101865136,130.1,1.03,9.25,1.05,23.78,0.289541104539111
1962,2.78,1,0.67,13.2257101865136,118.2,1.03,128.2,1.29,23.79,0.227253011418568
1962,7.96,3.23,1.73,13.2257101865136,147.3,1.07,328,0.9,4.5,0.177553013721198
1962,24.85,17.22,7.18,13.2257101865136,160.7,1.06,10.09,1.84,2.07,0.824285964385754
1962,11.63,0.45,3.12,12.27,164.6,1.74,12,1.15,7.91,0.268896575671777
1984,14.93,21.76,0.27,13.2257101865136,67.5,0.93,163.09,1.52,9.26,0.0745625043575263
1984,7.89,7.14017216642755,11.81,13.2257101865136,6466.2,0.86,7.49,4.94,19.2,0.468234526340132
1984,7.58,8.53,0.95,32.57,579.4,0.6,10.28,0.85,11.67,0.00725982532751092
1984,3.44,0.15,2.93,13.2257101865136,1063.1,0.97,20.94,1.22,7,0.492368898961765
1971,9.35,3.72,1.43,15.67,26.7,1.24,3.99,0.28,5.68,0.0445489762036525
1971,10.4,4.24,1.62,13.2257101865136,26.8,1.48,3.36,0.33,4.1,0.0546647764769144
1971,0.24,0.1,0.04,13.2257101865136,27,1.25,49.75,0.12,4.43,0.0205308091099017
1971,0.09,0.04,0.01,13.2257101865136,27.3,1.22,270.02,0.24,4.08,0.0390554939491828
1971,7.19,10.65,1.87,4.08,72.5,1.19,10.74,0.09,3.64,0.0324833531203221
1971,21.93,2.5,0.25,6.56,11.6,1.13,60.51,0.8,7.17,0.0246888341049847
1971,16.06,30.12,4.38,13.2257101865136,172.1,0.02,8.99,0.59,5.37,2.3991129919189
1971,4.65,3.53,0.63,13.2257101865136,306.4,1.13,27.79,1.25,6.76,0.0048079491425824
1973,20.46,8.43,2.49,11.76,27.9,0.82,2.59,0.59,2.82,0.0790469080502675
1973,5.42,2.05,0.71,13.2257101865136,34.3,1.27,12.16,0.64,6.11,0.0869980250164582
1973,14.43,5.22,1.99,13.2257101865136,45.4,1.28,6.88,0.93,5.04,0.138242877606239
1973,15.93,5.59,2.16,13.2257101865136,47.6,1.26,5.79,0.84,4.95,0.126049343996655
1937,11.37,3.74,2.87,7.84,568.1,1.41,25.07,1.04,4.16,0.282668943574969
1937,7.31,2.49,1.98,13.99,579.4,1.48,14.69,1.03,5.88,0.297062899810845
1937,11.09,2.61,2.36,11.79,635.5,1.21,9.17,0.95,5.9,0.223811529081847
1987,4.64,3.35,0.38,13.2257101865136,1.2,0.51,8.97,0.59,5.7,0.0464634146341463
1987,15.63,9.94,1.29,13.2257101865136,1.4,0.51,9.22,0.78,4.76,0.119475982532751
1987,1.82,1.33,0.19,13.2257101865136,1.5,0.58,36.9,0.52,1.45,0.0714230421881048
1987,2.96,2.18,0.55,13.2257101865136,1.5,0.67,28.6,0.8,8.04,0.158360128617363
1987,3.92,2.16,0.58,13.2257101865136,1.9,0.64,10.18,0.38,8.18,0.0594410456062291
1987,2.17,1.19,0.29,13.2257101865136,1.7,0.64,10.55,0.56,9.14,0.0716190014541929
1987,1.84,0.87,0.27,13.2257101865136,2.7,0.56,51.99,0.49,4.24,0.073264155777607
1987,0.43,0.18,0.07,13.2257101865136,2.5,0.59,23.4,0.28,6.3,0.0455518487628579
1987,36.94,1.26,3.87781922525108,109.16,1.5,0.02,11.08,2.93,7.38,161.172727272727
1994,13.75,4.77,1.79,13.2257101865136,16.1,1.09,11.14,1.15,8.88,0.046800691742326
1994,31.33,7.83,3.13,13.2257101865136,16.8,0.75,4.93,1.15,5.79,0.583335580423352
1994,17.05,3.89,1.41,13.2257101865136,40.7,1.19,24.07,0.89,46.78,9.21933989577302
1994,3.78,8.43,0.22,21.56,23.4,1.31,27.79,0.91,7.24,0.0734825400161115
1994,46.09,100.11,0.61,13.2257101865136,68.8,0.87,6.71,1.96,6.08,5.23325568047537
1994,4.46,0.76,0.31,13.2257101865136,70,0.77,163.09,0.06,10.4375753228121,0.0107204036502943
1994,13.16,10.47,5.56,13.2257101865136,9.5,1.33,4.2,0.77,4.16,0.366807344477939
1974,31.06,0.77,0.08,13.2257101865136,260.6,0.95,111.99,1.81,4.76,0.0559741742451085
1974,16.88,14.08,7.03,13.2257101865136,41.9,1.43,25.01,0.69,8.21,0.513051537519447
1974,3.02,12.59,8.3,13.2257101865136,555.7,1.71,4.73,0.54,4.72,0.185253619520097
1974,15.82,13.73,0.21,13.2257101865136,716,1.44,42.95,3.31,2.38,1.51453586367938
1996,34.67,5.7,3.97,13.2257101865136,235.6,1.59,4.37,0.18,9.57,0.122785885316365
1996,18.9,3.74,1.69,24.71,218,0.87,2.48,1.84,4.3,0.0148788437012895
1996,7.84,2.01,0.31,13.2257101865136,3.1,1.51,14.47,1.92,7.74,0.100075383415649
1996,6.61,1.41,0.27,13.2257101865136,4.1,0.4,44.92,0.47,23.76,0.121774598393574
1996,5.13,1.05,0.2,13.2257101865136,5.7,1.41,570.23,0.15,2.57,0.0025442421133624
1996,5.87,1.31,0.23,13.2257101865136,6,1.26,15.9,0.25,12.29,0.0065358615004122
1996,4.85,1.13,0.24,13.2257101865136,5.4,1.19,163.09,0.8,4.86,0.094175193314067
1987,9.99,8.34,7.31,13.2257101865136,2.2,0.46,5.34,0.42,8.05,1.93817314246762
1987,6.76,5.76,4.82,13.2257101865136,2.6,0.35,18.17,1.01,5.79,0.806658878504673
1987,0.34,0.3,0.25,13.2257101865136,2.3,0.94,27.82,1.17,7,0.860020607934055
1987,1.86,1.48,1.42,13.2257101865136,2.5,1.26,30.22,1.01,26.56,0.809981515711645
1987,1.3,0.89,0.49,13.2257101865136,3.3,1.26,111.99,1.52,38.29,0.593966850828729
1987,0.28,0.21,0.27,13.2257101865136,2.5,0.85,389.88,1.03,26.07,1.09763513513514
1987,5.75,4.65,5.56,13.2257101865136,5,1.32,26.69,0.91,24,1.07995095033722
1987,7.81,6.82,7.82,13.2257101865136,5.2,0.87,10.59,0.69,7.66,0.951519154557464
2006,23.64,18.36,8.63,13.2257101865136,67.5,0.77,4.6,0.65,4.88,0.0614349086437105
2006,21.52,13.99,6.13,13.2257101865136,141.6,1.07,10.64,1.92,8.15,0.627806456789793
2006,11.56,6.29,4.55,13.2257101865136,134.4,1.64,2.38,0.21,1.98,0.0763615030192027
2006,12.18,6.6,4.59,13.2257101865136,267.9,1.64,15.2,0.83,7.56,0.248830092692869
2006,12.18,6.6,4.59,13.2257101865136,267.9,1.58,27.79,2.28,8.56,0.851922446780742
2006,8.47,4.41,2.93,13.2257101865136,195.3,1.58,7.49,0.52,3.78,0.189886786975664
2006,0.49,0.22,0.2,13.2257101865136,221.6,1.61,9.82,0.16,3.24,0.0655750523570229
2006,0.24,0.08,0.1,13.2257101865136,225.5,1.67,20.26,0.05,7.95,0.0203015631332771
2006,0.5,0.15,0.18,13.2257101865136,274.1,1.91,16.75,0.08,7.43,0.0301489900532342
1993,4.06,2.54,1.86,13.2257101865136,9.3,0.55,11.14,0.77,92.8,0.428211805555556
1993,0.25,0.15,0.23,13.2257101865136,1.1,1.16,62.73,0.2,5.56,2.81990686845169
1993,0.26,0.21,0.1,13.2257101865136,0.7,0.4,5.62,0.42,721.7,0.392763819095477
1993,0.3,0.2,0.15,13.2257101865136,0.6,1.14,21.02,0.44,5.76,1.69828683308859
1993,1.33,5.29,0.28,13.2257101865136,6.3,1.34,3.61,1.66,8.17,0.141015470051567
1993,2.28,0.65,0.23,13.2257101865136,5.8,1.46,27.55,0.63,8.17,0.0701665034280118
1993,2.23,0.62,0.24,13.2257101865136,4.8,1.08,92.85,1.9,11.5,0.219590067008278
1972,223,18.33,6.29,13.2257101865136,36.9,1.47,6.92,9.36,10.6,0.520329961617575
1972,84.79,21.38,7.36,13.2257101865136,41.5,1.18,4.6,2.74,6.2,0.340240976797479
1972,15.9,7.27,4.38,24.71,137.2,0.7,21.95,2.57,9.6,0.979447744421255
1972,9.29,6.33,2.75,41.45,139.7,0.73,10.55,0.92,4.19,0.290681120312645
1972,4.41,3.29,1.23,82.26,120.3,0.73,14.68,0.73,3.64,0.211116347690668
1972,2,1.5,0.75,62.93,81.7,0.64,33.4,0.77,3.68,0.290120580981091
1981,2.78,5.29,1.43,13.2257101865136,3,1.19,19.34,0.68,6.06,0.47746310331073
1981,19.85,5.97,1.19,13.2257101865136,3,1.05,36.84,1.14,4.85,0.128179104477612
1981,12.71,4.4,0.69,13.2257101865136,3.2,0.77,8.6,0.56,173.58,1.19510667903525
1981,8.4,3.03,0.63,13.2257101865136,3.6,1.31,9.03,1.25,10.81,0.0626446759259259
1981,10.1,3.48,0.63,13.2257101865136,4.6,0.21,14.24,2.74,328.52,0.838330791022009
1981,9.81,2.97,0.55,13.2257101865136,5,1.06,27.79,0.6,10.93,0.284602975443628
1981,10.04,2.57,0.59,13.2257101865136,5.8,1.41,4.98,0.31,2.02,0.878952754562511
1981,13.54,2.05,0.86,13.2257101865136,1.8,1.21,216.48,0.36,9.75,1.28790419161677
1981,22.09,5.99,1.18,12.27,15.7,0.77,4.6,0.03,8.17,0.0929588216803628
1975,31.37,6.32,3.86,13.2257101865136,48.8,0.77,10.16,4.67,5.03,0.523420683200749
1975,31.7,12.01,4.8,13.2257101865136,80.5,0.98,14.47,3.2,7.83,0.695191093231043
1975,26.38,13.77,5.21,33.21,85,0.85,7.22,1.81,4.95,0.376509313879802
1975,31.13,16.27,5.81,30.6,123.9,0.74,9.07,2.65,5.25,0.527052225808699
1975,35.44,20.6,5.74,21.96,111.6,0.67,7.84,2.45,4.7,0.450304850454602
1975,22.32,14.65,4.7,22.48,141.7,0.67,6.06,1.42,3.52,0.330877320650432
1975,11.43,7.86,3.05,39.18,149.2,0.6,8.71,1.06,3.54,0.299624806018819
1975,4.45,3.11,1.4,13.2257101865136,152.8,0.55,23.09,1.01,7.62,0.322876633571413
1975,7.19,4.9,2.25,13.2257101865136,109.5,0.82,29.98,2.09,11.19,0.675603076503363
1975,8.4,5.47,2.74,13.2257101865136,114.9,1.13,21.02,1.7,8.53,0.577523131239348
1985,14.93,7.14,1.77,15.67,231.3,1.31,2.58,0.77,19.33,0.238498347798665
1985,0.28,20.74,0.12,13.2257101865136,31.7,1.19,4.6,1.19,7.08,0.149343668791507
1985,10.36,18.54,0.63,21.56,5.8,0.73,10.74,0.48,4.48,0.0871268310773225
1972,29.04,14.36,0.82,13.2257101865136,0.9,1.22,4.6,1.49,3.71,1.79955596860801
1972,13.82,7.85,0.35,13.2257101865136,1.3,0.99,3.37,1,3.66,0.522639964264443
1972,2.53,1.12,0.18,13.2257101865136,1.4,1.44,21.95,0.44,10.68,0.248055555555556
1972,1.42,4.25,0.88,13.2257101865136,5.6,1.13,9.27,0.76,6.76,0.0330028110211004
1980,24.24,9.77,8.67,13.2257101865136,459.1,0.87,2.95,0.88,5.98,0.349162458313483
1980,31.71,18.22,13.02,13.2257101865136,476.8,1.26,15.55,4.02,10.03,2.02694858863168
1980,22.11,15.87,10.21,13.2257101865136,424.8,1.5,3.04,0.63,2.27,0.31107053117513
1980,25.57,20.74,15.87,13.2257101865136,567.9,1.52,10.06,2.25,7.93,1.59961379457183
1980,18.62,14.08,14.37,5.04,699.5,1.59,4.2,0.7,4.84,0.605185185185185
1980,15.82,10.65,11.62,5.02,782.5,1.59,2.2,0.35,3.46,0.26904587291324
1980,8.7,5.8,5.89,8.16,1063.7,1.76,2.4,0.25,3.71,0.173730578476909
1980,8.36,5.73,5.9,7.77,1177.6,1.71,3.56,0.29,3.96,0.210330204329914
1980,12.2,8.43,8.14,13.2257101865136,984.9,2.04,1.85,0.23,8.18,0.151054681444124
1980,0.65,0.45,0.6,13.2257101865136,1017.3,2.05,29.29,0.19,6.84,0.176415222428073
1986,12.71,6.33,1.68,21.56,5.1,1.24,5.94,0.68,15.07,1.52524234470691
1986,4.49,6.16,0.67,0.18,8082.7,0.32,6.06,0.13,173.58,0.0511722847110281
1963,26.2,100.11,92.26,13.2257101865136,10.4,0.87,10.74,1.46,6.08,38750.95
1963,1.3,3.48,61.27,13.2257101865136,7,1.41,2.58,0.88,10.4375753228121,867.36
1963,7.55,16.27,0.14,0.18,3.3,0.52,10.74,0.59,12.59,0.257180675049636
1987,18.9,12.76,7.27,27.44,6.3,0.67,6.71,1.73,4.17,1.02098255039191
1987,13.93,15.87,0.75,22.57,2.3,0.64,4.02,0.4,3.51,0.704081315210108
1987,16.13,2.15,3.87781922525108,109.16,19,0.57,6.37,0.54,28.34,0.0176325466648047
1984,40.56,2.71,1.45,109.16,89.2,1.17,2.89,0.8,10.81,0.223179139131988
1984,16.13,11.13,0.49,13.2257101865136,9.3,0.51,14.04,2.09,5.79,0.32776622296173
1984,17.48,8.43,6.71,13.2257101865136,1.1,0.74,4.93,1.15,6.09,0.458916136845292
1979,46.09,19.57,5.5,13.2257101865136,19.7,1.46,20.17,5.79,11.18,0.731442165160426
1979,9.81,7.79,0.67,24.8,9.8,1.2,6.66,0.31,7.91,447.3
1979,13.86,7.14017216642755,3.99,92.31,8327.1,0.86,75.42,3.2,8.17,0.345899236420745
1979,34.67,0.32,3.87781922525108,13.2257101865136,87.4,1.61,13.95,2.74,6.84,0.395918740849195
1979,7.56,8.13,1.06,21.56,2105.5,1.46,2.96,1.17,11.54,0.109317669050853
1979,34.67,5.33,20.66,13.2257101865136,54.4,1.07,3.31,1.07,4.3,0.164584302518775
1979,14.6399713055954,1.05,1.19,0.18,2.2,1.44,111.99,0.88,6.92,1.49086538461538
1988,27.68,10.6,3.83,4.76,52.2,0.91,6.71,4.02,6.76,0.277972368165013
1988,16.32,19.22,10.66,13.2257101865136,260.6,0.98,3.37,0.64,3.83,1.70193443261747
1988,16.32,8.77,1.54,56.81,111.2,0.82,10.74,0.13,5.48,0.00924084404559787
1988,20.51,7.08,4.18,17.5,126.1,1.82,6.37,0.19,8.05,0.460096094398615
1988,4.5,1.38,0.9,37.06,141.9,0.85,9.74,2.38,10.97,0.00752852549959024
1988,16.06,5.33,3.31,10.99,155.2,1.09,3.31,0.6,7.43,0.456407379146281
1988,21.29,8.37,5.76,13.2257101865136,158.5,1.03,3.04,1.83,10.4375753228121,0.0424056473940709
1988,15.46,7.44,5,13.2257101865136,101.7,1.35,5.34,0.68,9.94,0.279181446111869
1988,14.93,9.1,6.07,13.2257101865136,109.6,1.43,389.88,0.67,5.05,0.00735187799084243
1984,1.73,3.55,1.57,13.2257101865136,130.3,1.38,62.73,0.6,9.43,0.670210280373832
1984,14.6399713055954,7.44,0.06,13.2257101865136,95.2,1.22,10.16,2.09,4.71,0.476255985715445
1984,2.1,10.16,3.22,13.2257101865136,6.9,0.91,27.82,0.14,5.24,0.29273152589152
1984,7.5,100.11,3.86,12.27,6871.8,1.28,6.71,0.44,6.08,2.08651614708378
1973,16.13,2.15,3.87781922525108,0.18,16.1,0.48,10.08,0.88,2.37,0.333840129002534
1973,6.17,2.58,0.6,13.2257101865136,159.2,1.23,59.3,1.83,7.65,2.01401549002085
1973,4.42,1.87,1.63,22.03,58.3,0.43,75.42,0.45,7.64,0.20603617345827
1973,1.84,5.29,0.11,13.2257101865136,1.9,1.31,276.8,2.57,7.93,0.205403324584427
1984,0.65,7.14,2.69,13.2257101865136,13336.5,1.28,15.27,0.56,2.92,0.0604318039013719
1984,3.27,12.01,7.67,13.2257101865136,12.3,0.43,10.28,0.49,9.12,1.08818691588785
1984,0.2,9.77,2.54,29.33,424.8,1.07,111.99,0.7,5.98,0.0190731697092914
1984,6.69,14.08,1.73,13.2257101865136,32.8,1.17,10.28,0.7,5.96,0.061801745774382
1984,3.04,8.64,2.23,13.2257101865136,9.3,0.55,1.85,1.81,173.58,0.28288462666432
1984,31.06,20.74,1.97,13.2257101865136,2.3,1.19,8.99,0.2,5.31,6714.98
1993,25.74,16.71,3.15,13.2257101865136,19.3,0.66,6.77,0.19,6.32,0.032942413883776
1993,5.01,3.69,0.76,13.2257101865136,10.2,0.4,11.72,0.44,1.47,0.0898922091372895
1993,5.54,4.14,1.17,13.2257101865136,14.4,0.67,2.44,0.13,1.11,0.0287651125960833
1993,8.29,6.16,2.24,13.2257101865136,16.6,1.35,3.22,0.26,2.01,0.072672354161863
1993,7.76,5.85,2.34,13.2257101865136,21.6,1.32,2.73,0.2,1.68,0.0641049983386339
1993,4.43,3.3,0.96,13.2257101865136,20.5,1.32,2.37,0.14,1.24,0.0302852375910418
1993,3.32,2.35,0.74,13.2257101865136,21.9,1.27,2.46,0.08,2.47,0.0172137913518319
1993,3.32,2.31,0.79,13.2257101865136,26.2,1.44,1.92,0.06,1.14,0.015222528554549
1993,0.46,0.33,0.13,13.2257101865136,59.8,1.13,35.21,0.16,1.86,0.0452295484602305
1993,1.99,1.49,0.65,13.2257101865136,47.5,1.19,6.63,0.13,1.25,0.0432404043940654
1991,14.77,10.47,1.03,13.2257101865136,33.8,0.55,7.84,0.42,6.84,0.0236431440045898
1991,16.77,11.96,1.14,13.2257101865136,40,1,4.93,0.63,6.14,0.0629911855337649
1991,13.75,9.15,0.95,13.2257101865136,41.5,1.13,11.24,5.01,4.01,0.35902495407542
1991,15.75,9.87,1.17,13.2257101865136,42.8,1.38,7.03,0.28,10.4375753228121,0.0812033823557609
1991,13.83,7.71,1.05,13.2257101865136,53.2,0.64,14.68,1.83,23.23,0.247712088318944
1991,13.15,6.6,0.95,13.2257101865136,51.5,0.67,8.94,0.87,7.64,0.208766361995035
1991,6.73,3.26,0.54,13.2257101865136,54.9,0.58,6.53,1.42,28.34,0.0552290104128741
1991,10.05,4.79,0.89,13.2257101865136,65.2,1.35,36.9,0.5,7.72,0.30938105043179
1991,7.04,11.35,0.08,13.2257101865136,393.9,1.03,10.09,0.35,3.55,0.236196238869598
1970,25.52,0.08,1.69,13.2257101865136,26.8,1.23,27.79,0.77,10.4375753228121,0.01734999120183
1970,31.13,3.29,6,13.2257101865136,86.5,1.67,6.86,0.56,10.77,0.147489508763268
1970,4.42,6.57,0.92,13.2257101865136,222.7,0.94,7.03,0.54,25.9,0.145890749135958
1970,25.94,8.49,0.27,12.24,56,1.32,7.22,0.58,5.66,0.0226897399859452
1970,3.86,0.15,11.62,13.2257101865136,9537.9,1.41,5.36,0.88,11.2,0.000570759326003998
1971,7.14,3.53,1.73,17.18,32.9,1.63,6.83,0.39,6.45,0.129000200260338
1971,6.47,2.58,1.57,14.19,45.8,1.73,6.9,0.43,10.68,0.10835690887433
1971,7.63,2.5,1.34,6.56,158.7,1.38,2.3,0.17,6.15,0.0308332810047096
1971,2.57,0.82,0.5,21.46,181.5,1.38,13.83,0.34,6.76,0.0694111757230331
1971,7.61,2.49,1.51,6.69,197.4,1.33,4.16,0.3,5.77,0.0627729541744541
1971,6.54,2.14,1.25,13.2257101865136,225.6,1.33,2.94,0.17,5.45,0.0323597788296402
1990,24.38,7.14,3.59,10.03,34,0.73,3.31,0.82,4.75,0.13326012957066
1990,12.39,3.28,1.62,17.35,40.8,1.06,7.25,0.8,5.22,0.117558554366372
1990,27.11,8.07,2.55,7.96,62.1,1.1,3.68,0.81,3.97,0.0940201758295183
1990,19.03,5.5,2.07,9.16,59.6,1.17,8.91,1.49,7.38,0.184915409092341
1990,12.1,3.12,1.39,11.83,66.2,1.17,11.62,1.67,8.07,0.20398026406461
1990,6.06,1.47,0.73,13.01,77.9,1.14,7.73,0.59,6.17,0.0740571703098727
1990,4.67,1.06,0.62,13.2257101865136,64.1,0.88,5.74,0.26,8.04,0.035764321510646
1969,16.16,197.48,7.74,0.18,1.7,0.87,4.6,0.43,6.08,365.311254172628
1987,3.02,3.72,13.1,13.2257101865136,1.5,1.74,2.46,2.45,12.57,0.616222301344615
1987,34.67,0.04,20.14,13.2257101865136,194.2,1.29,3.99,0.88,28.34,0.366842884330725
1987,2.38,0.33,8.22,13.2257101865136,181.6,1.16,15.27,0.06,7.43,0.978805923087185
1987,5.36,5.29,0.13,13.2257101865136,68.8,1.3,8.02,0.6,7.43,1.74392565729828
1987,0.49,2.49,2.1,0.18,6381.2,1.56,4.3,1.01,8.17,0.219033262561925
1990,17.26,6.24,2.73,5.06,218,1.03,5.11,0.74,4.79,0.122785885316365
1960,13.16,11.13,1.98,13.2257101865136,9.3,1.09,2.89,1.01,7.52,0.46882192743565
1960,16.56,10.48,5.09,13.2257101865136,6.7,1.08,3.04,1.14,4.43,0.136995793120515
1960,7.23,1.71,1.06,13.2257101865136,6.7,1.19,161.33,1.05,3.54,2.51533196440794
1960,10.38,2.57,1.21,13.2257101865136,6.8,1.13,12.96,4.94,16.71,0.121109677419355
1960,3.86,1.05,0.3,13.2257101865136,6.9,1.39,49.61,0.81,4.84,0.186570663094441
1960,5.8,1.67,0.45,13.2257101865136,2.3,0.14,27.55,1.15,5.68,0.0912659176029963
1979,11.08,5.29,2.95,13.2257101865136,4.8,0.77,12.97,0.56,6.7,0.169299450549451
1979,15.7,7.9,5.69,13.2257101865136,5.5,0.77,7.33,0.85,5.31,0.345809601301871
1979,11.63,5.99,4.1,13.2257101865136,6.7,0.77,2.86,0.36,3.6,0.143493389004871
1979,1.11,0.52,0.25,13.2257101865136,9.2,0.33,17.15,0.92,5.69,0.230588235294118
1979,11.42,5.22,2.66,13.2257101865136,9.4,0.05,7.94,0.47,4.15,0.121840936616875
1979,11.14,5.64,2.94,13.2257101865136,8,0.01,4.91,0.51,4.11,0.14249313994512
1979,3.73,2.03,0.88,13.2257101865136,7.6,0.06,14.21,0.57,4.06,0.133521303258145
1979,1.17,0.63,0.33,13.2257101865136,10,0.41,44.92,0.3,4.88,0.0813473379210431
1979,0.64,0.32,0.2,13.2257101865136,10.2,0.43,25.07,0.8,7.65,0.246441211167912
1984,20.09,11.38,8.22,20.63,15.2,0.52,4.6,0.87,4.54,0.384743094318019
1984,14.03,8.87,5.9,22.45,16,0.76,8.04,1.05,3.71,0.480217038792566
1984,10.64,6.85,5.3,21.45,15.7,0.77,4.37,0.45,3.76,0.233697368421053
1984,13.33,8.56,7.03,16.83,16.8,0.77,8.94,1.14,6.16,0.636365962891875
1984,13.93,8.9,6.69,17.88,19,0.76,5.88,0.78,4.85,0.401471522337497
1984,1.33,0.71,0.82,13.2257101865136,23.4,0.7,6.43,0.24,5.3,0.150232225794927
1984,6.57,3.79,4.13,13.2257101865136,23.5,0.88,4.44,0.28,4.62,0.183344907407407
1984,8.9,5.21,5.13,13.2257101865136,31.7,1.04,10.74,0.92,6.32,0.553247009983197
1984,7.04,4.17,4.16,13.2257101865136,36.9,1.19,8.89,0.61,5.21,0.371945573088916
1972,23.64,1.75,2.94,12.27,14.4,1.59,60.51,1.14,4.76,0.116654336970594
1972,2.78,2.57,0.92,13.2257101865136,87.4,1.1,17.03,1.23,10.81,0.0162075836159825
1972,11.15,8.43,3.62,13.2257101865136,122.3,0.9,30.22,0.38,6.32,0.319389420398909
1990,17.29,7.57,1.17,44.78,7.9,1.01,11.64,1.71,9.25,0.125951576898861
1990,26.33,10.8,1.6,28.13,8.7,0.84,7.47,1.82,5.67,0.119841846936921
1990,12.09,5.22,0.86,13.2257101865136,12.3,0.53,6.53,0.72,4.92,0.0561347233360064
1990,10.87,3.55,1.14,13.2257101865136,9.4,0.57,10.21,1.05,11.3,0.116319936511536
1990,10.25,3.38,1.17,13.2257101865136,8.1,0.59,8.02,0.78,5.74,0.0942250932783873
1990,9.07,3.89,1.19,13.2257101865136,9,0.59,9.73,0.81,5.96,0.107789119591695
1990,5.8,2.04,0.98,13.2257101865136,9.8,0.61,6.86,0.5,5.69,0.0858446226154271
1990,4.89,1.47,1.05,13.2257101865136,8.5,0.59,11.41,0.54,10.92,0.119804951237809
1990,6.83,2.16,2.26,13.2257101865136,6.5,0.59,16.15,0.64,11.34,0.214020312112955
1991,16.13,2.92,3.91,13.2257101865136,1.1,1.61,10.16,3.14,3.41,3.90172413793103
1991,16.32,17.54,6.62,13.2257101865136,1.3,0.93,8.99,0.1,3.79,4.56890595009597
1991,39.61,24.69,9.65,13.2257101865136,1.6,0.93,4.08,0.31,7.19,25.7383838383838
1991,22.32,2.13,0.88,13.2257101865136,1.3,1.13,276.8,0.31,9.26,0.797504456327986
1991,11.42,2.13,0.88,13.2257101865136,1.3,1.08,7,1.83,11.28,0.527272727272727
1991,39.61,1.19,7.74,13.2257101865136,567.9,1.21,128.2,1.07,4.12,0.0865411893071468
1969,36.94,3.29,18.94,13.2257101865136,5962.6,1.42,7.84,0.59,5.68,0.334537549736411
1969,0.24,0.45,7.71,13.2257101865136,2435,1.17,75.42,0.61,7.24,0.381888264550666
1969,78.05,1.05,1.54,0.18,15.1,1.39,4.2,0.78,9.12,7.72762239883516
1969,24.85,6.16,1.62,13.2257101865136,2.1,1.44,4.73,0.32,9.94,0.60727415377718
1969,11.43,2.3,0.32,13.2257101865136,2,1.3,8.02,1.42,5.79,0.140352314625154
1969,16.32,3.81,0.88,12.27,46.9,1.29,9.25,24.47,10.4375753228121,4.88681786260173
1972,8.58,5.68,1.45,12.27,536.3,1.43,7.1,0.55,12.22,0.290356691773687
1972,13.14,0.45,0.25,19.64,32.9,0.79,11.72,3.14,92.8,0.0529742406194163
1972,13.82,1.75,0.45,13.2257101865136,158.6,1.51,11.65,4.67,7.31,0.583261447694818
1972,18.62,2.58,2.49,13.2257101865136,59.6,0.39,7.94,0.45,5.78,0.00395634379263301
1984,13.15,0.41,20.14,109.16,109.5,0.94,4.6,0.07,12.57,0.0557951045550332
1984,13.8,5.84,5.09,13.2257101865136,111.6,1.13,10.31,2.79,9.12,0.0851604199659804
1984,13.16,5.29,3.99,12.27,134.4,1.2,12.37,0.43,5.48,0.423656549730653
1974,34.67,3.26,3.81,13.2257101865136,4.3,1.35,59.3,1.9,3.51,0.248975377283558
1974,16.13,1.72,3.87781922525108,12.27,12.3,1.59,16.4,1.9,26.63,0.273689913317573
1974,3.02,17.46,4.54,13.2257101865136,123.3,1.32,6.06,0.38,10.4375753228121,0.163224535734384
1974,34.67,6.62,0.1,0.18,25.6,1.16,6.06,10.83,9.9,2.56162943495401
1974,36.94,5.42,11.81,0.18,1172.4,1.29,92.85,24.47,13.53,0.144203505452589
1991,29.89,3.77,6.71,13.2257101865136,481.6,1.74,15.9,4.34,28.72,0.954159896415152
1991,5.73,3.04,0.2,12.27,21.7,0.18,8.6,2.45,6.16,0.165265743330832
1991,36.94,5.73,7.74,13.2257101865136,635.5,1.26,5.37,1.81,3.24,0.0666027980028547
1991,5.94,6.9,0.27,32.56,347.7,1.26,48.77,0.99,4.72,0.224323295729516
1991,31.6,5.54,4.17,13.2257101865136,590.7,1.58,6.48,4.02,3.97,0.0558287739516602
1973,40.56,31.52,14.77,20.64,12115.9,1.28,8.99,2.79,6.08,1.19879840020716
1973,36.94,31.31,15.68,20.28,12358.8,1.35,10.28,3.31,5.05,1.67033125066761
1973,23.2,19.22,11.61,17.4,12877.7,1.34,6.71,1.42,2.57,0.815723585695924
1973,16.16,11.61,10.66,20.18,13336.5,1.31,20.94,3.12,8.17,2.36051173271187
1973,13.16,8.72,9.44,20.21,14822,1.29,15.14,1.89,7.81,1.4810848360306
1973,7.47,5.1,5.47,23.32,15636.4,1.29,12.02,1,4.43,0.765709952757594
1973,4.94,3.36,3.93,38.06,13994,1.33,9.79,0.6,4.34,0.519113751467916
1973,5.14,3.29,3.97,31.89,17129.6,1.38,13.72,0.69,8.52,0.565760154665409
1973,4.6,2.81,3.81,40.15,17642.2,1.52,14.24,0.65,9.75,0.555164913562675
1989,2.31,2.55,0.45,13.2257101865136,123.3,1.13,9.15,1.81,2.94,0.0416738926222993
1988,16.74,6.69,2.35,13.2257101865136,17.4,1.33,4.43,0.7,6.6,0.102975541361583
1988,15.28,5.72,2.49,13.2257101865136,19.1,1.14,5.54,0.76,5.54,0.138493599285502
1988,10.5,3.75,1.63,13.2257101865136,19.8,1.17,2.22,0.22,5.07,0.0362246971790911
1988,2.28,5.8,12.68,13.2257101865136,21.9,1.41,11.62,1.83,6.11,0.0963610345842138
1985,15.2,8.28,3.87,10.96,400.7,1.31,9.25,0.82,4.77,0.217063151055312
1985,15.75,8.13,3.84,18.59,384.2,1.61,7.7,1.14,5.39,0.296839304028009
1985,13.86,7.02,3.48,18.6,309.4,1.48,4.43,0.58,3.97,0.154652885136831
1985,25.59,13.73,6.5,8.54,378.8,1.37,5.26,1.21,4.08,0.342941520266786
1985,15.93,8.56,4.17,11.5,396.4,1.32,6.3,0.94,5.03,0.263966693692041
1985,3.63,1.75,0.98,13.2257101865136,424.4,1.32,12.97,0.8,4.71,0.219289320126373
1985,4.4,2.21,1.22,13.2257101865136,611.8,1.1,15.94,0.69,4.97,0.195445391081995
1985,4.65,2.56,1.29,13.2257101865136,511.3,1.1,16.75,0.73,5.24,0.216259440248778
1985,9.37,6.04,3.07,13.2257101865136,517.6,1.04,6.26,0.56,2.79,0.192955584655346
1985,7.84,2.01,8.72,13.2257101865136,1.7,0.87,33.34,0.88,7.64,0.0338110482430018
1985,11.56,3.73,0.75,0.18,582.3,0.56,28.38,0.56,30.39,325.175
1985,66.21,14.08,5.39,13.2257101865136,1534.1,1.23,4.6,0.49,4.92,0.114850554372771
1903,40.56,9.91,1.23,0.18,28.3,0.6,6.71,0.68,7.31,0.126460280373832
1903,10.47,10.19,2.94,13.2257101865136,10.9,1.31,2.58,0.74,8.36,0.513386185375727
1903,0.23,30.22,4.15,20.21,25.6,1.36,8.99,1.52,2.27,2.78105167724388
1903,21.29,18.33,3.87,13.2257101865136,125.7,0.46,4.6,0.54,4.09,0.0082000160784629
1907,35.51,23.36,20.49,22.36,8181.8,1.11,6.77,1.83,4.22,1.32032572479129
1907,26.2,13.56,20.14,24.94,8327.1,1.16,10.87,2.32,8.05,2.2821952503362
1907,22.51,10.19,18.94,22.47,9713.5,1.35,2.89,0.61,4.26,0.560664152590959
1907,16.32,8.43,17.93,14.06,10812.4,1.43,11.17,1.52,7.43,2.09770704398003
1907,16.13,9.91,20.66,16.78,11434,1.42,8.64,1.27,6.33,1.86569396720074
1907,13.14,8.59,17.62,17.4,11503.6,1.42,6.66,0.87,5.23,1.24089421880254
1907,9.09,6.14,11.81,15.35,16403.8,1.51,5.65,0.54,3.77,0.724105749672934
1907,10.7,7.33,13.74,15.15,19287,1.56,5.94,0.63,4.36,0.830787172480239
1907,7.89,5.54,10.89,12.07,19975.9,1.46,5.91,0.46,4.19,0.663691685888581
1907,1.91,1.26,2.54,109.16,29622.8,1.52,28.38,0.71,8.23,0.726749261782439
1991,13.42,0.64,20.66,0.18,21.9,1.32,10.08,0.88,4.3,1.92076802507837
1991,7.56,15.87,10.89,13.2257101865136,2,1.29,6.71,24.47,2.37,1.01948774902993
1991,15.7,0.15,0.47,13.2257101865136,12.3,1.67,23.21,0.19,5.56,0.0408398434454476
1991,5.19,4.24,2.05,24.8,2.2,1.05,5.64,0.65,15.24,0.0272385088671734
1991,7.57,18.33,1.5,13.2257101865136,43.1,1.22,10.28,0.97,10.4375753228121,0.210593406593407
1991,22.23,3.12,0.35,67.92,59.6,0.64,2.71,0.46,8.13,12.2899877899878
1947,19.49,4.12,1.4,12.27,40.1,1.09,3.57,0.6,6.82,0.0476747688671594
1947,34.43,7.46,2.4,7.28,62.7,0.94,3.08,0.92,4.73,0.0741668272009247
1947,18.9,4.32,1.36,10.52,72.5,0.97,1.91,0.33,3,0.0260107758928699
1947,14.52,3.29,1.34,11.78,81.3,1.13,4.3,0.59,4.5,0.0575528224534847
1947,14.34,3.04,1.12,10.71,85.8,1.05,7.56,0.9,5.11,0.0848643711971154
1947,12.5,2.59,0.96,12.26,88.5,1.05,5.59,0.71,4.95,0.050511287852591
1947,2.1,0.39,0.21,15,90.2,1.02,5.47,0.33,6.29,0.0324948344625438
1965,7.13,0.08,5.74,13.2257101865136,5.8,0.9,20.68,1.07,14.39,0.0863687019766555
1965,27.11,3.81,0.29,13.2257101865136,5.4,0.98,9.25,0.36,5.76,0.0261487024359178
1965,13.92,7.61,0.53,13.2257101865136,579.4,1.04,7.1,0.49,5.49,0.125041534850495
1965,34.67,5.33,2.97,13.2257101865136,384.2,1.04,20.94,98.5,10.4375753228121,4.4191693860634
1965,25.74,7.14017216642755,0.45,13.2257101865136,1.9,1.14,11.7,2.65,7.18,0.257028327097809
1990,2.6,1.61,0.56,55.56,2.2,0.97,13.83,0.59,7.16,0.702312599681021
1990,7.5,4.26,1.2,48,2.1,0.43,1.85,0.19,5.78,1.80142156862745
1990,5.36,2.97,1.06,84.21,5.3,1.19,8.6,2.89,6.09,0.377902134305049
1990,19.05,11.47,4.59,19.28,6.2,0.52,10.28,0.72,11.67,1.69458068422646
1990,4.94,3.05,2.42,13.2257101865136,6.3,1.1,17.03,2.79,7.16,10.9008183306056
1990,3.41,2.01,1.5,13.2257101865136,6.7,1.02,5.62,0.51,23.23,1.11101541251133
1990,3.18,1.87,0.9,13.2257101865136,5.9,1.03,51.53,4.67,7.31,2.37672511312217
1990,1.36,0.64,0.28,13.2257101865136,8.9,0.77,50.78,1.59,11.06,0.335294117647059
1990,4.18,1.66,0.81,13.2257101865136,10.7,1.22,49.61,1.57,10.77,0.292322799500089
1970,0.19,0.04,3.87781922525108,13.2257101865136,1450.1,1.46,14.04,2.75,9.83,0.170999886908435
1980,6.06,2.72,0.67,13.2257101865136,32.7,1.09,5.73,0.34,5.38,0.0385598105505874
1980,3.01,1.35,0.37,13.2257101865136,27.7,0.74,4.26,0.13,4.68,0.0157651562654698
1980,4.19,1.88,0.65,13.2257101865136,26.2,0.77,7.58,0.31,6.89,0.0490473510732374
1980,1.42,0.65,0.25,13.2257101865136,20.3,0.75,19.45,0.27,7.33,0.0485207627873819
1980,3.97,1.99,0.66,13.2257101865136,14.6,0.75,10.31,0.19,6.88,0.0319411740405668
1980,1.88,0.95,0.35,13.2257101865136,13.6,0.76,4.98,0.19,3.98,0.0347485884497399
1980,5.89,2.95,1.38,13.2257101865136,11,0.72,11.24,0.2,7.87,0.045215779719354
1980,5.19,2.51,1.48,13.2257101865136,7.3,0.6,3.61,0.19,9.43,0.0534882211694464
1980,3.15,1.45,0.85,13.2257101865136,6.3,0.6,13.36,0.41,10.15,0.113936276969393
1984,1.63,0.55,0.23,13.2257101865136,22.5,1.12,6.07,0.42,7.74,0.0594701240135288
1984,14.66,5.75,2.21,13.2257101865136,28.8,1.08,3.04,0.41,4.48,0.0670008084074373
1984,4.3,1.95,0.74,13.2257101865136,32.5,1.08,12.37,0.14,3.72,0.0249596394457151
1984,10.71,4.84,2.05,13.62,33.9,0.98,3.21,0.33,4.58,0.0656470836409661
1984,17.81,7.96,3.24,7.26,43.3,0.91,2.96,0.49,4.25,0.0958030218242865
1984,10.72,4.31,1.95,10.52,56.7,0.91,2.48,0.32,3.93,0.0619363567767283
1984,6.9,2.44,1.22,13.2257101865136,67.2,0.93,7.34,0.36,5.41,0.0677360241795378
1984,6.85,2.49,1.22,14.82,66.3,1.01,3.43,0.23,6.32,0.0419149180139892
1984,4.63,1.9,1.19,22.57,70.6,1.2,6.48,0.31,7.82,0.0771738773903631
1984,5.94,2.77,1.81,13.2257101865136,58.6,1.19,4.64,0.27,6.14,0.0839093202844254
2010,78.05,19.57,0.49,13.2257101865136,309.4,0.73,8.99,0.63,4.76,1.84058185035217
2010,14.93,14.08,3.49,13.2257101865136,102.8,0.61,6.77,1,6.46,0.0487820564354048
2010,11.09,15.87,7.03,18.6,12.3,1,6.71,1.57,3.79,0.471971540660948
2010,11.75,18.33,5.44,13.2257101865136,9.5,1.28,8.99,0.05,5.03,1.14720526823
2010,13.82,7.44,4.21,13.2257101865136,40.6,0.68,51.99,0.25,4.71,0.0130077943529655
2010,1.76,0.73,0.68,13.2257101865136,39.8,1.41,7.22,0.26,2.02,0.0993875694795351
2010,3.15,1.05,0.74,13.2257101865136,170.3,1.09,20.68,0.58,7.65,0.133696680514993
1990,25.52,9.15,5.56,13.2257101865136,7,0.52,10.16,0.45,5.79,0.0441907068008183
1990,17.49,0.95,0.3,12.27,19,1.04,29.98,1.15,5.79,0.580013236267373
1990,5.8,8.13,0.54,13.62,6.3,1.43,44.92,0.8,5.39,0.482805786072752
